problem_id,backend_name,calibration_snapshot_id,calibration_age_seconds,n_spins,p_layers,j1,j2,h,source_circuit_depth,transpiled_circuit_depth,two_qubit_gate_count,swap_count,layout_distance_score,shots,queue_delay_seconds,session_duration_seconds,energy_error_vs_exact,energy_error_vs_ideal_qaoa,magnetization_error,correlation_error,structure_factor_error,phase_label_changed,sample_variance,confidence_interval_width,mitigation_shift,mitigation_instability,runtime_seconds,quantum_decision,rejection_reason,bernoulli_valid_ratio_ci_width,experiment,ideal_energy,ideal_magnetization,ideal_nn_correlation,ideal_nnn_correlation,ideal_phase_label,initial_layout_policy,mitigation_policy,noise_scale,observed_energy,observed_magnetization,observed_nn_correlation,observed_nnn_correlation,observed_phase_label,routing_inflation,routing_method,session_policy,topology_model,transpiler_optimization_level,trust_accepted,trust_decision,trust_reason,trust_warnings,valid_ratio
frustrated_n6_j2_05_p2_seed314,generic_line,8f4044982bca17ebd55a4468e657a55e8025d826ee5c1010f9585e94436f2edc,120.0,6,2,1.0,0.5,0.0,18,1506,349,0,1.0,2048,0.0,1.0,5.12255859375,2.646467648502926,0.016438802083333336,0.41018882066338996,,True,8.476678609848022,0.25219353519572213,,,0.26156187057495117,run_quantum,,,routing,-2.523909054752926,2.1612332432727255e-32,-0.3934477492348185,0.11511259494540174,nearest_neighbor_antiferromagnetic,identity,none,1.0,0.12255859375,-0.016438802083333336,0.01674107142857143,0.002685546875,invalid_sector_dominated,83.66666666666667,basic,single_session,line,0,False,reject_routing_deformed,runtime.reject.routing_deformed,,0.3037109375
frustrated_n6_j2_05_p2_seed314,generic_line,8f4044982bca17ebd55a4468e657a55e8025d826ee5c1010f9585e94436f2edc,120.0,6,2,1.0,0.5,0.0,18,1069,232,0,1.0,2048,0.0,1.0,5.01416015625,2.538069211002926,0.018391927083333332,0.39763301709196136,,True,7.539350271224976,0.23784172784392754,,,0.15971708297729492,run_quantum,,,routing,-2.523909054752926,2.1612332432727255e-32,-0.3934477492348185,0.11511259494540174,nearest_neighbor_antiferromagnetic,identity,none,1.0,0.01416015625,-0.018391927083333332,0.004185267857142856,-0.007568359375,invalid_sector_dominated,59.388888888888886,sabre,single_session,line,0,False,reject_routing_deformed,runtime.reject.routing_deformed,,0.3125
frustrated_n6_j2_05_p2_seed314,generic_line,8f4044982bca17ebd55a4468e657a55e8025d826ee5c1010f9585e94436f2edc,120.0,6,2,1.0,0.5,0.0,18,795,349,0,1.0,2048,0.0,1.0,5.01171875,2.535627804752926,0.01708984375,0.39358725816338996,,True,8.186386108398438,0.24783760463169632,,,0.18053984642028809,run_quantum,,,routing,-2.523909054752926,2.1612332432727255e-32,-0.3934477492348185,0.11511259494540174,nearest_neighbor_antiferromagnetic,identity,none,1.0,0.01171875,-0.01708984375,0.0001395089285714285,0.00537109375,invalid_sector_dominated,44.166666666666664,basic,single_session,line,1,False,reject_routing_deformed,runtime.reject.routing_deformed,,0.3193359375
frustrated_n6_j2_05_p2_seed314,generic_line,8f4044982bca17ebd55a4468e657a55e8025d826ee5c1010f9585e94436f2edc,120.0,6,2,1.0,0.5,0.0,18,660,214,0,1.0,2048,0.0,1.0,4.8955078125,2.419416867252926,0.027180989583333332,0.37656716887767566,,True,8.183417320251465,0.24779266147529827,,,0.12174201011657715,run_quantum,,,routing,-2.523909054752926,2.1612332432727255e-32,-0.3934477492348185,0.11511259494540174,nearest_neighbor_antiferromagnetic,identity,none,1.0,-0.1044921875,-0.027180989583333332,-0.016880580357142856,0.0068359375,invalid_sector_dominated,36.666666666666664,sabre,single_session,line,1,False,reject_routing_deformed,runtime.reject.routing_deformed,,0.32373046875
frustrated_n6_j2_05_p2_seed314,generic_line,8f4044982bca17ebd55a4468e657a55e8025d826ee5c1010f9585e94436f2edc,120.0,6,2,1.0,0.5,0.0,18,754,329,0,1.0,2048,0.0,1.0,4.95751953125,2.481428586002926,0.032389322916666664,0.38479819566338996,,True,7.81801962852478,0.2421973957854935,,,0.1814119815826416,run_quantum,,,routing,-2.523909054752926,2.1612332432727255e-32,-0.3934477492348185,0.11511259494540174,nearest_neighbor_antiferromagnetic,identity,none,1.0,-0.04248046875,-0.032389322916666664,-0.00864955357142857,0.009033203125,invalid_sector_dominated,41.888888888888886,basic,single_session,line,2,False,reject_routing_deformed,runtime.reject.routing_deformed,,0.31396484375
frustrated_n6_j2_05_p2_seed314,generic_line,8f4044982bca17ebd55a4468e657a55e8025d826ee5c1010f9585e94436f2edc,120.0,6,2,1.0,0.5,0.0,18,483,160,0,1.0,2048,0.0,1.0,4.87451171875,2.398420773502926,0.019368489583333332,0.3811709635205328,,True,7.557983160018921,0.23813544968676328,,,0.10202288627624512,run_quantum,,,routing,-2.523909054752926,2.1612332432727255e-32,-0.3934477492348185,0.11511259494540174,nearest_neighbor_antiferromagnetic,identity,none,1.0,-0.12548828125,-0.019368489583333332,-0.012276785714285716,-0.019775390625,invalid_sector_dominated,26.833333333333332,sabre,single_session,line,2,False,reject_routing_deformed,runtime.reject.routing_deformed,,0.34375
frustrated_n6_j2_05_p2_seed314,generic_line,8f4044982bca17ebd55a4468e657a55e8025d826ee5c1010f9585e94436f2edc,120.0,6,2,1.0,0.5,0.0,18,754,329,0,1.0,2048,0.0,1.0,4.9697265625,2.493635617252926,0.025716145833333332,0.3934477492348185,,True,7.793028831481934,0.2418099862520423,,,0.1789720058441162,run_quantum,,,routing,-2.523909054752926,2.1612332432727255e-32,-0.3934477492348185,0.11511259494540174,nearest_neighbor_antiferromagnetic,identity,none,1.0,-0.0302734375,-0.025716145833333332,1.734723475976807e-18,-0.01513671875,invalid_sector_dominated,41.888888888888886,basic,single_session,line,3,False,reject_routing_deformed,runtime.reject.routing_deformed,,0.32373046875
frustrated_n6_j2_05_p2_seed314,generic_line,8f4044982bca17ebd55a4468e657a55e8025d826ee5c1010f9585e94436f2edc,120.0,6,2,1.0,0.5,0.0,18,499,164,0,1.0,2048,0.0,1.0,4.9599609375,2.483869992252926,0.0234375,0.3928897135205328,,True,7.666365623474121,0.2398368186259759,,,0.10393404960632324,run_quantum,,,routing,-2.523909054752926,2.1612332432727255e-32,-0.3934477492348185,0.11511259494540174,nearest_neighbor_antiferromagnetic,identity,none,1.0,-0.0400390625,-0.0234375,-0.0005580357142857145,-0.01806640625,invalid_sector_dominated,27.72222222222222,sabre,single_session,line,3,False,reject_routing_deformed,runtime.reject.routing_deformed,,0.31640625
frustrated_n6_j2_05_p2_seed314,generic_line,8f4044982bca17ebd55a4468e657a55e8025d826ee5c1010f9585e94436f2edc,120.0,6,2,1.0,0.5,0.0,18,1024,349,0,1.0,2048,0.0,1.0,5.0078125,2.531721554752926,0.026529947916666664,0.3905180617348185,,True,8.47064208984375,0.2521037215718143,,,0.1950969696044922,run_quantum,,,routing,-2.523909054752926,2.1612332432727255e-32,-0.3934477492348185,0.11511259494540174,nearest_neighbor_antiferromagnetic,reversed,none,1.0,0.0078125,-0.026529947916666664,-0.0029296874999999996,0.01416015625,invalid_sector_dominated,56.888888888888886,basic,single_session,line,0,False,reject_routing_deformed,runtime.reject.routing_deformed,,0.31884765625
frustrated_n6_j2_05_p2_seed314,generic_line,8f4044982bca17ebd55a4468e657a55e8025d826ee5c1010f9585e94436f2edc,120.0,6,2,1.0,0.5,0.0,18,1136,247,0,1.0,2048,0.0,1.0,4.94970703125,2.473616086002926,0.018880208333333336,0.3846586867348185,,True,7.8963963985443115,0.24340840007655404,,,0.16523075103759766,run_quantum,,,routing,-2.523909054752926,2.1612332432727255e-32,-0.3934477492348185,0.11511259494540174,nearest_neighbor_antiferromagnetic,reversed,none,1.0,-0.05029296875,-0.018880208333333336,-0.008789062499999998,0.005615234375,invalid_sector_dominated,63.111111111111114,sabre,single_session,line,0,False,reject_routing_deformed,runtime.reject.routing_deformed,,0.30517578125
frustrated_n6_j2_05_p2_seed314,generic_line,8f4044982bca17ebd55a4468e657a55e8025d826ee5c1010f9585e94436f2edc,120.0,6,2,1.0,0.5,0.0,18,857,349,0,1.0,2048,0.0,1.0,5.01123046875,2.535139523502926,0.025390625,0.39470332959196136,,True,7.932002782821655,0.24395657068392054,,,0.18065404891967773,run_quantum,,,routing,-2.523909054752926,2.1612332432727255e-32,-0.3934477492348185,0.11511259494540174,nearest_neighbor_antiferromagnetic,reversed,none,1.0,0.01123046875,-0.025390625,0.0012555803571428594,0.001220703125,invalid_sector_dominated,47.611111111111114,basic,single_session,line,1,False,reject_routing_deformed,runtime.reject.routing_deformed,,0.318359375
frustrated_n6_j2_05_p2_seed314,generic_line,8f4044982bca17ebd55a4468e657a55e8025d826ee5c1010f9585e94436f2edc,120.0,6,2,1.0,0.5,0.0,18,677,214,0,1.0,2048,0.0,1.0,4.9013671875,2.425276242252926,0.026692708333333332,0.37670667780624706,,True,7.74808406829834,0.24111168216192053,,,0.12065911293029785,run_quantum,,,routing,-2.523909054752926,2.1612332432727255e-32,-0.3934477492348185,0.11511259494540174,nearest_neighbor_antiferromagnetic,reversed,none,1.0,-0.0986328125,-0.026692708333333332,-0.016741071428571428,0.00927734375,invalid_sector_dominated,37.611111111111114,sabre,single_session,line,1,False,reject_routing_deformed,runtime.reject.routing_deformed,,0.31689453125
frustrated_n6_j2_05_p2_seed314,generic_line,8f4044982bca17ebd55a4468e657a55e8025d826ee5c1010f9585e94436f2edc,120.0,6,2,1.0,0.5,0.0,18,782,329,0,1.0,2048,0.0,1.0,5.00830078125,2.532209836002926,0.023274739583333332,0.39847007066338996,,True,8.02971625328064,0.24545460835538677,,,0.17289495468139648,run_quantum,,,routing,-2.523909054752926,2.1612332432727255e-32,-0.3934477492348185,0.11511259494540174,nearest_neighbor_antiferromagnetic,reversed,none,1.0,0.00830078125,-0.023274739583333332,0.005022321428571428,-0.013427734375,invalid_sector_dominated,43.44444444444444,basic,single_session,line,2,False,reject_routing_deformed,runtime.reject.routing_deformed,,0.3203125
frustrated_n6_j2_05_p2_seed314,generic_line,8f4044982bca17ebd55a4468e657a55e8025d826ee5c1010f9585e94436f2edc,120.0,6,2,1.0,0.5,0.0,18,471,160,0,1.0,2048,0.0,1.0,5.0390625,2.562971554752926,0.036946614583333336,0.39470332959196136,,True,8.30316162109375,0.24959899747048073,,,0.10294389724731445,run_quantum,,,routing,-2.523909054752926,2.1612332432727255e-32,-0.3934477492348185,0.11511259494540174,nearest_neighbor_antiferromagnetic,reversed,none,1.0,0.0390625,-0.036946614583333336,0.0012555803571428579,0.01513671875,invalid_sector_dominated,26.166666666666668,sabre,single_session,line,2,False,reject_routing_deformed,runtime.reject.routing_deformed,,0.32666015625
frustrated_n6_j2_05_p2_seed314,generic_line,8f4044982bca17ebd55a4468e657a55e8025d826ee5c1010f9585e94436f2edc,120.0,6,2,1.0,0.5,0.0,18,782,329,0,1.0,2048,0.0,1.0,5.03857421875,2.562483273502926,0.01416015625,0.39847007066338996,,True,8.385719060897827,0.2508367962018312,,,0.1732327938079834,run_quantum,,,routing,-2.523909054752926,2.1612332432727255e-32,-0.3934477492348185,0.11511259494540174,nearest_neighbor_antiferromagnetic,reversed,none,1.0,0.03857421875,-0.01416015625,0.005022321428571431,0.001708984375,invalid_sector_dominated,43.44444444444444,basic,single_session,line,3,False,reject_routing_deformed,runtime.reject.routing_deformed,,0.30908203125
frustrated_n6_j2_05_p2_seed314,generic_line,8f4044982bca17ebd55a4468e657a55e8025d826ee5c1010f9585e94436f2edc,120.0,6,2,1.0,0.5,0.0,18,471,160,0,1.0,2048,0.0,1.0,4.9609375,2.484846554752926,0.0341796875,0.3900995349491042,,True,7.73089599609375,0.24084409691892164,,,0.10244393348693848,run_quantum,,,routing,-2.523909054752926,2.1612332432727255e-32,-0.3934477492348185,0.11511259494540174,nearest_neighbor_antiferromagnetic,reversed,none,1.0,-0.0390625,-0.0341796875,-0.0033482142857142834,-0.0078125,invalid_sector_dominated,26.166666666666668,sabre,single_session,line,3,False,reject_routing_deformed,runtime.reject.routing_deformed,,0.32275390625
frustrated_n6_j2_05_p2_seed314,generic_line,8f4044982bca17ebd55a4468e657a55e8025d826ee5c1010f9585e94436f2edc,120.0,6,2,1.0,0.5,0.0,18,1568,400,0,2.2,2048,0.0,1.0,5.11572265625,2.639631711002926,0.031249999999999997,0.40725913316338996,,True,8.092565298080444,0.24641332959513337,,,0.2497258186340332,run_quantum,,,routing,-2.523909054752926,2.1612332432727255e-32,-0.3934477492348185,0.11511259494540174,nearest_neighbor_antiferromagnetic,scattered,none,1.0,0.11572265625,-0.031249999999999997,0.013811383928571428,0.009521484375,invalid_sector_dominated,87.11111111111111,basic,single_session,line,0,False,reject_routing_deformed,runtime.reject.routing_deformed,,0.3095703125
frustrated_n6_j2_05_p2_seed314,generic_line,8f4044982bca17ebd55a4468e657a55e8025d826ee5c1010f9585e94436f2edc,120.0,6,2,1.0,0.5,0.0,18,1098,250,0,2.2,2048,0.0,1.0,4.96533203125,2.489241086002926,0.021972656249999997,0.39121560637767566,,True,7.502216100692749,0.23725527429439852,,,0.16334176063537598,run_quantum,,,routing,-2.523909054752926,2.1612332432727255e-32,-0.3934477492348185,0.11511259494540174,nearest_neighbor_antiferromagnetic,scattered,none,1.0,-0.03466796875,-0.021972656249999997,-0.002232142857142856,-0.009521484375,invalid_sector_dominated,61.0,sabre,single_session,line,0,False,reject_routing_deformed,runtime.reject.routing_deformed,,0.330078125
frustrated_n6_j2_05_p2_seed314,generic_line,8f4044982bca17ebd55a4468e657a55e8025d826ee5c1010f9585e94436f2edc,120.0,6,2,1.0,0.5,0.0,18,917,400,0,2.2,2048,0.0,1.0,4.95849609375,2.482405148502926,0.017252604166666668,0.39163413316338996,,True,7.549546957015991,0.2380025094654689,,,0.20406007766723633,run_quantum,,,routing,-2.523909054752926,2.1612332432727255e-32,-0.3934477492348185,0.11511259494540174,nearest_neighbor_antiferromagnetic,scattered,none,1.0,-0.04150390625,-0.017252604166666668,-0.0018136160714285726,-0.014404296875,invalid_sector_dominated,50.94444444444444,basic,single_session,line,1,False,reject_routing_deformed,runtime.reject.routing_deformed,,0.296875
frustrated_n6_j2_05_p2_seed314,generic_line,8f4044982bca17ebd55a4468e657a55e8025d826ee5c1010f9585e94436f2edc,120.0,6,2,1.0,0.5,0.0,18,672,223,0,2.2,2048,0.0,1.0,4.95166015625,2.475569211002926,0.020182291666666664,0.3891229724491042,,True,7.611432790756226,0.23897600644864497,,,0.12429118156433105,run_quantum,,,routing,-2.523909054752926,2.1612332432727255e-32,-0.3934477492348185,0.11511259494540174,nearest_neighbor_antiferromagnetic,scattered,none,1.0,-0.04833984375,-0.020182291666666664,-0.004324776785714286,-0.009033203125,invalid_sector_dominated,37.333333333333336,sabre,single_session,line,1,False,reject_routing_deformed,runtime.reject.routing_deformed,,0.32177734375
frustrated_n6_j2_05_p2_seed314,generic_line,8f4044982bca17ebd55a4468e657a55e8025d826ee5c1010f9585e94436f2edc,120.0,6,2,1.0,0.5,0.0,18,848,376,0,2.2,2048,0.0,1.0,5.10009765625,2.624006711002926,0.036458333333333336,0.40502699030624706,,True,8.550039052963257,0.25328247426394296,,,0.20070099830627441,run_quantum,,,routing,-2.523909054752926,2.1612332432727255e-32,-0.3934477492348185,0.11511259494540174,nearest_neighbor_antiferromagnetic,scattered,none,1.0,0.10009765625,-0.036458333333333336,0.01157924107142857,0.009521484375,invalid_sector_dominated,47.111111111111114,basic,single_session,line,2,False,reject_routing_deformed,runtime.reject.routing_deformed,,0.30224609375
frustrated_n6_j2_05_p2_seed314,generic_line,8f4044982bca17ebd55a4468e657a55e8025d826ee5c1010f9585e94436f2edc,120.0,6,2,1.0,0.5,0.0,18,512,173,0,2.2,2048,0.0,1.0,4.86279296875,2.386702023502926,0.007649739583333336,0.37810176709196136,,True,7.5158421993255615,0.23747063713607752,,,0.10750198364257812,run_quantum,,,routing,-2.523909054752926,2.1612332432727255e-32,-0.3934477492348185,0.11511259494540174,nearest_neighbor_antiferromagnetic,scattered,none,1.0,-0.13720703125,-0.007649739583333336,-0.01534598214285714,-0.014892578125,invalid_sector_dominated,28.444444444444443,sabre,single_session,line,2,False,reject_routing_deformed,runtime.reject.routing_deformed,,0.34033203125
frustrated_n6_j2_05_p2_seed314,generic_line,8f4044982bca17ebd55a4468e657a55e8025d826ee5c1010f9585e94436f2edc,120.0,6,2,1.0,0.5,0.0,18,848,376,0,2.2,2048,0.0,1.0,4.962890625,2.486799679752926,0.011881510416666668,0.38828591887767566,,True,8.02694320678711,0.24541222106574995,,,0.2021629810333252,run_quantum,,,routing,-2.523909054752926,2.1612332432727255e-32,-0.3934477492348185,0.11511259494540174,nearest_neighbor_antiferromagnetic,scattered,none,1.0,-0.037109375,-0.011881510416666668,-0.005161830357142859,-0.00048828125,invalid_sector_dominated,47.111111111111114,basic,single_session,line,3,False,reject_routing_deformed,runtime.reject.routing_deformed,,0.3173828125
frustrated_n6_j2_05_p2_seed314,generic_line,8f4044982bca17ebd55a4468e657a55e8025d826ee5c1010f9585e94436f2edc,120.0,6,2,1.0,0.5,0.0,18,512,173,0,2.2,2048,0.0,1.0,4.91650390625,2.440412961002926,0.023925781250000003,0.38535623137767566,,True,7.746446371078491,0.24108619916535723,,,0.10973882675170898,run_quantum,,,routing,-2.523909054752926,2.1612332432727255e-32,-0.3934477492348185,0.11511259494540174,nearest_neighbor_antiferromagnetic,scattered,none,1.0,-0.08349609375,-0.023925781250000003,-0.008091517857142858,-0.013427734375,invalid_sector_dominated,28.444444444444443,sabre,single_session,line,3,False,reject_routing_deformed,runtime.reject.routing_deformed,,0.3359375
frustrated_n6_j2_05_p2_seed314,generic_star,d4be18513bc986eb9b912119c3a24f4fe69b2a6ccc3a25f2afddf795030b4be9,120.0,6,2,1.0,0.5,0.0,18,1279,274,0,1.8,2048,0.0,1.0,4.95751953125,2.481428586002926,0.02197265625,0.38591426709196136,,True,8.37661337852478,0.2507005729066923,,,0.17790484428405762,run_quantum,,,routing,-2.523909054752926,2.1612332432727255e-32,-0.3934477492348185,0.11511259494540174,nearest_neighbor_antiferromagnetic,identity,none,1.0,-0.04248046875,-0.02197265625,-0.007533482142857142,0.005126953125,invalid_sector_dominated,71.05555555555556,basic,single_session,star,0,False,reject_routing_deformed,runtime.reject.routing_deformed,,0.32861328125
frustrated_n6_j2_05_p2_seed314,generic_star,d4be18513bc986eb9b912119c3a24f4fe69b2a6ccc3a25f2afddf795030b4be9,120.0,6,2,1.0,0.5,0.0,18,990,133,0,1.8,2048,0.0,1.0,4.9248046875,2.448713742252926,0.021972656249999997,0.3880069010205328,,True,7.643759727478027,0.2394829528489107,,,0.10933709144592285,run_quantum,,,routing,-2.523909054752926,2.1612332432727255e-32,-0.3934477492348185,0.11511259494540174,nearest_neighbor_antiferromagnetic,identity,none,1.0,-0.0751953125,-0.021972656249999997,-0.005440848214285714,-0.0185546875,invalid_sector_dominated,55.0,sabre,single_session,star,0,False,reject_routing_deformed,runtime.reject.routing_deformed,,0.34130859375
frustrated_n6_j2_05_p2_seed314,generic_star,d4be18513bc986eb9b912119c3a24f4fe69b2a6ccc3a25f2afddf795030b4be9,120.0,6,2,1.0,0.5,0.0,18,1066,274,0,1.8,2048,0.0,1.0,4.8544921875,2.378401242252926,0.008951822916666666,0.37600913316338996,,True,7.888007164001465,0.24327906558600249,,,0.15950894355773926,run_quantum,,,routing,-2.523909054752926,2.1612332432727255e-32,-0.3934477492348185,0.11511259494540174,nearest_neighbor_antiferromagnetic,identity,none,1.0,-0.1455078125,-0.008951822916666666,-0.017438616071428572,-0.01171875,invalid_sector_dominated,59.22222222222222,basic,single_session,star,1,False,reject_routing_deformed,runtime.reject.routing_deformed,,0.3310546875
frustrated_n6_j2_05_p2_seed314,generic_star,d4be18513bc986eb9b912119c3a24f4fe69b2a6ccc3a25f2afddf795030b4be9,120.0,6,2,1.0,0.5,0.0,18,548,127,0,1.8,2048,0.0,1.0,4.98486328125,2.508772336002926,0.02864583333333333,0.38968100816338996,,True,7.867446660995483,0.2429617989073215,,,0.08539986610412598,run_quantum,,,routing,-2.523909054752926,2.1612332432727255e-32,-0.3934477492348185,0.11511259494540174,nearest_neighbor_antiferromagnetic,identity,none,1.0,-0.01513671875,-0.02864583333333333,-0.0037667410714285685,0.005615234375,invalid_sector_dominated,30.444444444444443,sabre,single_session,star,1,False,reject_routing_deformed,runtime.reject.routing_deformed,,0.31689453125
frustrated_n6_j2_05_p2_seed314,generic_star,d4be18513bc986eb9b912119c3a24f4fe69b2a6ccc3a25f2afddf795030b4be9,120.0,6,2,1.0,0.5,0.0,18,676,248,0,1.8,2048,0.0,1.0,4.9873046875,2.511213742252926,0.013834635416666664,0.39219216887767566,,True,8.091635704040527,0.24639917642289125,,,0.1774148941040039,run_quantum,,,routing,-2.523909054752926,2.1612332432727255e-32,-0.3934477492348185,0.11511259494540174,nearest_neighbor_antiferromagnetic,identity,none,1.0,-0.0126953125,-0.013834635416666664,-0.0012555803571428583,-0.001953125,invalid_sector_dominated,37.55555555555556,basic,single_session,star,2,False,reject_routing_deformed,runtime.reject.routing_deformed,,0.31396484375
frustrated_n6_j2_05_p2_seed314,generic_star,d4be18513bc986eb9b912119c3a24f4fe69b2a6ccc3a25f2afddf795030b4be9,120.0,6,2,1.0,0.5,0.0,18,391,99,0,1.8,2048,0.0,1.0,4.763671875,2.287580929752926,0.04524739583333333,0.3582914992348185,,True,7.833797454833984,0.2424416662380896,,,0.07216382026672363,run_quantum,,,routing,-2.523909054752926,2.1612332432727255e-32,-0.3934477492348185,0.11511259494540174,nearest_neighbor_antiferromagnetic,identity,none,1.0,-0.236328125,-0.04524739583333333,-0.03515625,0.0048828125,invalid_sector_dominated,21.72222222222222,sabre,single_session,star,2,False,reject_routing_deformed,runtime.reject.routing_deformed,,0.345703125
frustrated_n6_j2_05_p2_seed314,generic_star,d4be18513bc986eb9b912119c3a24f4fe69b2a6ccc3a25f2afddf795030b4be9,120.0,6,2,1.0,0.5,0.0,18,676,248,0,1.8,2048,0.0,1.0,4.93115234375,2.455061398502926,0.035319010416666664,0.38451917780624706,,True,7.760396718978882,0.2413031840487987,,,0.14731192588806152,run_quantum,,,routing,-2.523909054752926,2.1612332432727255e-32,-0.3934477492348185,0.11511259494540174,nearest_neighbor_antiferromagnetic,identity,none,1.0,-0.06884765625,-0.035319010416666664,-0.00892857142857143,-0.003173828125,invalid_sector_dominated,37.55555555555556,basic,single_session,star,3,False,reject_routing_deformed,runtime.reject.routing_deformed,,0.31591796875
frustrated_n6_j2_05_p2_seed314,generic_star,d4be18513bc986eb9b912119c3a24f4fe69b2a6ccc3a25f2afddf795030b4be9,120.0,6,2,1.0,0.5,0.0,18,391,99,0,1.8,2048,0.0,1.0,4.84814453125,2.372053586002926,0.022949218749999993,0.36973123137767566,,True,7.630748510360718,0.2392790419506068,,,0.07266521453857422,run_quantum,,,routing,-2.523909054752926,2.1612332432727255e-32,-0.3934477492348185,0.11511259494540174,nearest_neighbor_antiferromagnetic,identity,none,1.0,-0.15185546875,-0.022949218749999993,-0.02371651785714286,0.007080078125,invalid_sector_dominated,21.72222222222222,sabre,single_session,star,3,False,reject_routing_deformed,runtime.reject.routing_deformed,,0.326171875
frustrated_n6_j2_05_p2_seed314,generic_star,d4be18513bc986eb9b912119c3a24f4fe69b2a6ccc3a25f2afddf795030b4be9,120.0,6,2,1.0,0.5,0.0,18,1250,289,0,1.8,2048,0.0,1.0,4.958984375,2.482893429752926,0.015950520833333332,0.3914946242348185,,True,7.599880218505859,0.23879457963797415,,,0.1800551414489746,run_quantum,,,routing,-2.523909054752926,2.1612332432727255e-32,-0.3934477492348185,0.11511259494540174,nearest_neighbor_antiferromagnetic,reversed,none,1.0,-0.041015625,-0.015950520833333332,-0.0019531250000000013,-0.013671875,invalid_sector_dominated,69.44444444444444,basic,single_session,star,0,False,reject_routing_deformed,runtime.reject.routing_deformed,,0.3125
frustrated_n6_j2_05_p2_seed314,generic_star,d4be18513bc986eb9b912119c3a24f4fe69b2a6ccc3a25f2afddf795030b4be9,120.0,6,2,1.0,0.5,0.0,18,983,130,0,1.8,2048,0.0,1.0,4.978515625,2.502424679752926,0.035807291666666664,0.3895414992348185,,True,7.570827484130859,0.23833771201148457,,,0.1080179214477539,run_quantum,,,routing,-2.523909054752926,2.1612332432727255e-32,-0.3934477492348185,0.11511259494540174,nearest_neighbor_antiferromagnetic,reversed,none,1.0,-0.021484375,-0.035807291666666664,-0.0039062499999999965,0.0029296875,invalid_sector_dominated,54.611111111111114,sabre,single_session,star,0,False,reject_routing_deformed,runtime.reject.routing_deformed,,0.30419921875
frustrated_n6_j2_05_p2_seed314,generic_star,d4be18513bc986eb9b912119c3a24f4fe69b2a6ccc3a25f2afddf795030b4be9,120.0,6,2,1.0,0.5,0.0,18,1091,289,0,1.8,2048,0.0,1.0,5.001953125,2.525862179752926,0.011230468750000003,0.39358725816338996,,True,8.125972747802734,0.24692142327744143,,,0.16618704795837402,run_quantum,,,routing,-2.523909054752926,2.1612332432727255e-32,-0.3934477492348185,0.11511259494540174,nearest_neighbor_antiferromagnetic,reversed,none,1.0,0.001953125,-0.011230468750000003,0.0001395089285714324,0.00048828125,invalid_sector_dominated,60.611111111111114,basic,single_session,star,1,False,reject_routing_deformed,runtime.reject.routing_deformed,,0.3173828125
frustrated_n6_j2_05_p2_seed314,generic_star,d4be18513bc986eb9b912119c3a24f4fe69b2a6ccc3a25f2afddf795030b4be9,120.0,6,2,1.0,0.5,0.0,18,532,124,0,1.8,2048,0.0,1.0,4.92431640625,2.448225461002926,0.01448567708333333,0.38256605280624706,,True,8.190072774887085,0.24789340408545493,,,0.07765674591064453,run_quantum,,,routing,-2.523909054752926,2.1612332432727255e-32,-0.3934477492348185,0.11511259494540174,nearest_neighbor_antiferromagnetic,reversed,none,1.0,-0.07568359375,-0.01448567708333333,-0.010881696428571428,0.000244140625,invalid_sector_dominated,29.555555555555557,sabre,single_session,star,1,False,reject_routing_deformed,runtime.reject.routing_deformed,,0.3330078125
frustrated_n6_j2_05_p2_seed314,generic_star,d4be18513bc986eb9b912119c3a24f4fe69b2a6ccc3a25f2afddf795030b4be9,120.0,6,2,1.0,0.5,0.0,18,655,247,0,1.8,2048,0.0,1.0,4.9267578125,2.450666867252926,0.036783854166666664,0.38144998137767566,,True,7.804205894470215,0.24198333073157502,,,0.14272308349609375,run_quantum,,,routing,-2.523909054752926,2.1612332432727255e-32,-0.3934477492348185,0.11511259494540174,nearest_neighbor_antiferromagnetic,reversed,none,1.0,-0.0732421875,-0.036783854166666664,-0.011997767857142858,0.00537109375,invalid_sector_dominated,36.388888888888886,basic,single_session,star,2,False,reject_routing_deformed,runtime.reject.routing_deformed,,0.30712890625
frustrated_n6_j2_05_p2_seed314,generic_star,d4be18513bc986eb9b912119c3a24f4fe69b2a6ccc3a25f2afddf795030b4be9,120.0,6,2,1.0,0.5,0.0,18,378,96,0,1.8,2048,0.0,1.0,4.7490234375,2.272932492252926,0.03059895833333333,0.3577334635205328,,True,7.300292015075684,0.23404060230142704,,,0.07107901573181152,run_quantum,,,routing,-2.523909054752926,2.1612332432727255e-32,-0.3934477492348185,0.11511259494540174,nearest_neighbor_antiferromagnetic,reversed,none,1.0,-0.2509765625,-0.03059895833333333,-0.03571428571428571,-0.00048828125,invalid_sector_dominated,21.0,sabre,single_session,star,2,False,reject_routing_deformed,runtime.reject.routing_deformed,,0.3359375
frustrated_n6_j2_05_p2_seed314,generic_star,d4be18513bc986eb9b912119c3a24f4fe69b2a6ccc3a25f2afddf795030b4be9,120.0,6,2,1.0,0.5,0.0,18,655,247,0,1.8,2048,0.0,1.0,5.029296875,2.553205929752926,0.015950520833333332,0.4012602492348185,,True,7.993282318115234,0.24489711389297417,,,0.14309406280517578,run_quantum,,,routing,-2.523909054752926,2.1612332432727255e-32,-0.3934477492348185,0.11511259494540174,nearest_neighbor_antiferromagnetic,reversed,none,1.0,0.029296875,-0.015950520833333332,0.007812499999999998,-0.0126953125,invalid_sector_dominated,36.388888888888886,basic,single_session,star,3,False,reject_routing_deformed,runtime.reject.routing_deformed,,0.3251953125
frustrated_n6_j2_05_p2_seed314,generic_star,d4be18513bc986eb9b912119c3a24f4fe69b2a6ccc3a25f2afddf795030b4be9,120.0,6,2,1.0,0.5,0.0,18,378,96,0,1.8,2048,0.0,1.0,4.689453125,2.213362179752926,0.01953125,0.3552223028062471,,True,7.180904388427734,0.23211898509045278,,,0.07017683982849121,run_quantum,,,routing,-2.523909054752926,2.1612332432727255e-32,-0.3934477492348185,0.11511259494540174,nearest_neighbor_antiferromagnetic,reversed,none,1.0,-0.310546875,-0.01953125,-0.038225446428571425,-0.021484375,invalid_sector_dominated,21.0,sabre,single_session,star,3,False,reject_routing_deformed,runtime.reject.routing_deformed,,0.3564453125
frustrated_n6_j2_05_p2_seed314,generic_star,d4be18513bc986eb9b912119c3a24f4fe69b2a6ccc3a25f2afddf795030b4be9,120.0,6,2,1.0,0.5,0.0,18,1261,280,0,1.8,2048,0.0,1.0,5.0751953125,2.599104367252926,0.0017903645833333322,0.4008417224491042,,True,8.385947227478027,0.2508402086810866,,,0.17863798141479492,run_quantum,,,routing,-2.523909054752926,2.1612332432727255e-32,-0.3934477492348185,0.11511259494540174,nearest_neighbor_antiferromagnetic,scattered,none,1.0,0.0751953125,-0.0017903645833333322,0.007393973214285717,0.01171875,invalid_sector_dominated,70.05555555555556,basic,single_session,star,0,False,reject_routing_deformed,runtime.reject.routing_deformed,,0.32275390625
frustrated_n6_j2_05_p2_seed314,generic_star,d4be18513bc986eb9b912119c3a24f4fe69b2a6ccc3a25f2afddf795030b4be9,120.0,6,2,1.0,0.5,0.0,18,968,133,0,1.8,2048,0.0,1.0,4.9345703125,2.458479367252926,0.014973958333333332,0.38647230280624706,,True,8.064078330993652,0.24597924247228006,,,0.10649895668029785,run_quantum,,,routing,-2.523909054752926,2.1612332432727255e-32,-0.3934477492348185,0.11511259494540174,nearest_neighbor_antiferromagnetic,scattered,none,1.0,-0.0654296875,-0.014973958333333332,-0.0069754464285714255,-0.00830078125,invalid_sector_dominated,53.77777777777778,sabre,single_session,star,0,False,reject_routing_deformed,runtime.reject.routing_deformed,,0.32421875
frustrated_n6_j2_05_p2_seed314,generic_star,d4be18513bc986eb9b912119c3a24f4fe69b2a6ccc3a25f2afddf795030b4be9,120.0,6,2,1.0,0.5,0.0,18,1075,280,0,1.8,2048,0.0,1.0,4.93896484375,2.462873898502926,0.018554687499999997,0.38493770459196136,,True,7.823911428451538,0.24228864075024328,,,0.16026020050048828,run_quantum,,,routing,-2.523909054752926,2.1612332432727255e-32,-0.3934477492348185,0.11511259494540174,nearest_neighbor_antiferromagnetic,scattered,none,1.0,-0.06103515625,-0.018554687499999997,-0.008510044642857139,-0.000732421875,invalid_sector_dominated,59.72222222222222,basic,single_session,star,1,False,reject_routing_deformed,runtime.reject.routing_deformed,,0.32177734375
frustrated_n6_j2_05_p2_seed314,generic_star,d4be18513bc986eb9b912119c3a24f4fe69b2a6ccc3a25f2afddf795030b4be9,120.0,6,2,1.0,0.5,0.0,18,541,127,0,1.8,2048,0.0,1.0,4.83447265625,2.358381711002926,0.021321614583333336,0.3694522135205328,,True,7.694768667221069,0.2402806924333353,,,0.08116412162780762,run_quantum,,,routing,-2.523909054752926,2.1612332432727255e-32,-0.3934477492348185,0.11511259494540174,nearest_neighbor_antiferromagnetic,scattered,none,1.0,-0.16552734375,-0.021321614583333336,-0.023995535714285712,0.001220703125,invalid_sector_dominated,30.055555555555557,sabre,single_session,star,1,False,reject_routing_deformed,runtime.reject.routing_deformed,,0.31005859375
frustrated_n6_j2_05_p2_seed314,generic_star,d4be18513bc986eb9b912119c3a24f4fe69b2a6ccc3a25f2afddf795030b4be9,120.0,6,2,1.0,0.5,0.0,18,679,250,0,1.8,2048,0.0,1.0,5.0234375,2.547346554752926,0.029134114583333336,0.39916761530624706,,True,7.73773193359375,0.24095055491582834,,,0.144561767578125,run_quantum,,,routing,-2.523909054752926,2.1612332432727255e-32,-0.3934477492348185,0.11511259494540174,nearest_neighbor_antiferromagnetic,scattered,none,1.0,0.0234375,-0.029134114583333336,0.005719866071428572,-0.00830078125,invalid_sector_dominated,37.72222222222222,basic,single_session,star,2,False,reject_routing_deformed,runtime.reject.routing_deformed,,0.30615234375
frustrated_n6_j2_05_p2_seed314,generic_star,d4be18513bc986eb9b912119c3a24f4fe69b2a6ccc3a25f2afddf795030b4be9,120.0,6,2,1.0,0.5,0.0,18,384,97,0,1.8,2048,0.0,1.0,4.779296875,2.303205929752926,0.033854166666666664,0.36917319566338996,,True,7.101680755615234,0.23083500258729298,,,0.07061576843261719,run_quantum,,,routing,-2.523909054752926,2.1612332432727255e-32,-0.3934477492348185,0.11511259494540174,nearest_neighbor_antiferromagnetic,scattered,none,1.0,-0.220703125,-0.033854166666666664,-0.024274553571428572,-0.025390625,invalid_sector_dominated,21.333333333333332,sabre,single_session,star,2,False,reject_routing_deformed,runtime.reject.routing_deformed,,0.34228515625
frustrated_n6_j2_05_p2_seed314,generic_star,d4be18513bc986eb9b912119c3a24f4fe69b2a6ccc3a25f2afddf795030b4be9,120.0,6,2,1.0,0.5,0.0,18,679,250,0,1.8,2048,0.0,1.0,4.95849609375,2.482405148502926,0.005859375000000005,0.39135511530624706,,True,7.975328207015991,0.24462192144872638,,,0.14766263961791992,run_quantum,,,routing,-2.523909054752926,2.1612332432727255e-32,-0.3934477492348185,0.11511259494540174,nearest_neighbor_antiferromagnetic,scattered,none,1.0,-0.04150390625,-0.005859375000000005,-0.00209263392857143,-0.013427734375,invalid_sector_dominated,37.72222222222222,basic,single_session,star,3,False,reject_routing_deformed,runtime.reject.routing_deformed,,0.322265625
frustrated_n6_j2_05_p2_seed314,generic_star,d4be18513bc986eb9b912119c3a24f4fe69b2a6ccc3a25f2afddf795030b4be9,120.0,6,2,1.0,0.5,0.0,18,391,99,0,1.8,2048,0.0,1.0,4.94091796875,2.464827023502926,0.021809895833333332,0.3871698474491042,,True,7.324146032333374,0.23442265931187486,,,0.0731201171875,run_quantum,,,routing,-2.523909054752926,2.1612332432727255e-32,-0.3934477492348185,0.11511259494540174,nearest_neighbor_antiferromagnetic,scattered,none,1.0,-0.05908203125,-0.021809895833333332,-0.006277901785714286,-0.007568359375,invalid_sector_dominated,21.72222222222222,sabre,single_session,star,3,False,reject_routing_deformed,runtime.reject.routing_deformed,,0.33251953125
frustrated_n6_j2_05_p2_seed314,generic_forked_heavy_hex,03920c0302b787f88cf4f79a27adefae28956179ba77490a555a5b0b9e13aee8,120.0,6,2,1.0,0.5,0.0,18,1489,367,0,2.2,2048,0.0,1.0,5.080078125,2.603987179752926,0.028971354166666668,0.4071196242348185,,True,7.868587493896484,0.24297941381965277,,,0.23192906379699707,run_quantum,,,routing,-2.523909054752926,2.1612332432727255e-32,-0.3934477492348185,0.11511259494540174,nearest_neighbor_antiferromagnetic,identity,none,1.0,0.080078125,-0.028971354166666668,0.013671874999999998,-0.0078125,invalid_sector_dominated,82.72222222222223,basic,single_session,forked_heavy_hex,0,False,reject_routing_deformed,runtime.reject.routing_deformed,,0.31005859375
frustrated_n6_j2_05_p2_seed314,generic_forked_heavy_hex,03920c0302b787f88cf4f79a27adefae28956179ba77490a555a5b0b9e13aee8,120.0,6,2,1.0,0.5,0.0,18,1094,229,0,2.2,2048,0.0,1.0,5.029296875,2.553205929752926,0.01806640625,0.3969354724491042,,True,8.476680755615234,0.25219356711557006,,,0.15021705627441406,run_quantum,,,routing,-2.523909054752926,2.1612332432727255e-32,-0.3934477492348185,0.11511259494540174,nearest_neighbor_antiferromagnetic,identity,none,1.0,0.029296875,-0.01806640625,0.0034877232142857175,0.00244140625,invalid_sector_dominated,60.77777777777778,sabre,single_session,forked_heavy_hex,0,False,reject_routing_deformed,runtime.reject.routing_deformed,,0.31689453125
frustrated_n6_j2_05_p2_seed314,generic_forked_heavy_hex,03920c0302b787f88cf4f79a27adefae28956179ba77490a555a5b0b9e13aee8,120.0,6,2,1.0,0.5,0.0,18,961,367,0,2.2,2048,0.0,1.0,4.974609375,2.498518429752926,0.0146484375,0.3909365885205328,,True,8.14193344116211,0.24716380064790933,,,0.1920790672302246,run_quantum,,,routing,-2.523909054752926,2.1612332432727255e-32,-0.3934477492348185,0.11511259494540174,nearest_neighbor_antiferromagnetic,identity,none,1.0,-0.025390625,-0.0146484375,-0.002511160714285714,-0.00390625,invalid_sector_dominated,53.388888888888886,basic,single_session,forked_heavy_hex,1,False,reject_routing_deformed,runtime.reject.routing_deformed,,0.32177734375
frustrated_n6_j2_05_p2_seed314,generic_forked_heavy_hex,03920c0302b787f88cf4f79a27adefae28956179ba77490a555a5b0b9e13aee8,120.0,6,2,1.0,0.5,0.0,18,618,199,0,2.2,2048,0.0,1.0,4.97412109375,2.498030148502926,0.022786458333333336,0.39079707959196136,,True,7.876771688461304,0.24310574360756312,,,0.11463809013366699,run_quantum,,,routing,-2.523909054752926,2.1612332432727255e-32,-0.3934477492348185,0.11511259494540174,nearest_neighbor_antiferromagnetic,identity,none,1.0,-0.02587890625,-0.022786458333333336,-0.0026506696428571456,-0.003662109375,invalid_sector_dominated,34.333333333333336,sabre,single_session,forked_heavy_hex,1,False,reject_routing_deformed,runtime.reject.routing_deformed,,0.32666015625
frustrated_n6_j2_05_p2_seed314,generic_forked_heavy_hex,03920c0302b787f88cf4f79a27adefae28956179ba77490a555a5b0b9e13aee8,120.0,6,2,1.0,0.5,0.0,18,837,343,0,2.2,2048,0.0,1.0,5.0322265625,2.556135617252926,0.017089843749999997,0.39330824030624706,,True,8.351500511169434,0.2503244939530851,,,0.18917298316955566,run_quantum,,,routing,-2.523909054752926,2.1612332432727255e-32,-0.3934477492348185,0.11511259494540174,nearest_neighbor_antiferromagnetic,identity,none,1.0,0.0322265625,-0.017089843749999997,-0.00013950892857142938,0.0166015625,invalid_sector_dominated,46.5,basic,single_session,forked_heavy_hex,2,False,reject_routing_deformed,runtime.reject.routing_deformed,,0.3056640625
frustrated_n6_j2_05_p2_seed314,generic_forked_heavy_hex,03920c0302b787f88cf4f79a27adefae28956179ba77490a555a5b0b9e13aee8,120.0,6,2,1.0,0.5,0.0,18,479,161,0,2.2,2048,0.0,1.0,4.9365234375,2.460432492252926,0.01790364583333333,0.38647230280624706,,True,7.992064476013184,0.24487845714065257,,,0.10019373893737793,run_quantum,,,routing,-2.523909054752926,2.1612332432727255e-32,-0.3934477492348185,0.11511259494540174,nearest_neighbor_antiferromagnetic,identity,none,1.0,-0.0634765625,-0.01790364583333333,-0.0069754464285714255,-0.00732421875,invalid_sector_dominated,26.61111111111111,sabre,single_session,forked_heavy_hex,2,False,reject_routing_deformed,runtime.reject.routing_deformed,,0.32421875
frustrated_n6_j2_05_p2_seed314,generic_forked_heavy_hex,03920c0302b787f88cf4f79a27adefae28956179ba77490a555a5b0b9e13aee8,120.0,6,2,1.0,0.5,0.0,18,837,343,0,2.2,2048,0.0,1.0,5.0107421875,2.534651242252926,0.022298177083333336,0.3910760974491042,,True,8.094611167907715,0.24644447532701474,,,0.18447017669677734,run_quantum,,,routing,-2.523909054752926,2.1612332432727255e-32,-0.3934477492348185,0.11511259494540174,nearest_neighbor_antiferromagnetic,identity,none,1.0,0.0107421875,-0.022298177083333336,-0.002371651785714287,0.013671875,invalid_sector_dominated,46.5,basic,single_session,forked_heavy_hex,3,False,reject_routing_deformed,runtime.reject.routing_deformed,,0.31591796875
frustrated_n6_j2_05_p2_seed314,generic_forked_heavy_hex,03920c0302b787f88cf4f79a27adefae28956179ba77490a555a5b0b9e13aee8,120.0,6,2,1.0,0.5,0.0,18,493,165,0,2.2,2048,0.0,1.0,5.05859375,2.582502804752926,0.02685546875,0.3969354724491042,,True,8.519027709960938,0.2528227240306944,,,0.10165619850158691,run_quantum,,,routing,-2.523909054752926,2.1612332432727255e-32,-0.3934477492348185,0.11511259494540174,nearest_neighbor_antiferromagnetic,identity,none,1.0,0.05859375,-0.02685546875,0.003487723214285713,0.01708984375,invalid_sector_dominated,27.38888888888889,sabre,single_session,forked_heavy_hex,3,False,reject_routing_deformed,runtime.reject.routing_deformed,,0.326171875
frustrated_n6_j2_05_p2_seed314,generic_forked_heavy_hex,03920c0302b787f88cf4f79a27adefae28956179ba77490a555a5b0b9e13aee8,120.0,6,2,1.0,0.5,0.0,18,1294,373,0,2.2,2048,0.0,1.0,4.9921875,2.516096554752926,0.047200520833333336,0.39261069566338996,,True,8.73626708984375,0.2560259830729762,,,0.21505188941955566,run_quantum,,,routing,-2.523909054752926,2.1612332432727255e-32,-0.3934477492348185,0.11511259494540174,nearest_neighbor_antiferromagnetic,reversed,none,1.0,-0.0078125,-0.047200520833333336,-0.0008370535714285728,-0.0009765625,invalid_sector_dominated,71.88888888888889,basic,single_session,forked_heavy_hex,0,False,reject_routing_deformed,runtime.reject.routing_deformed,,0.33349609375
frustrated_n6_j2_05_p2_seed314,generic_forked_heavy_hex,03920c0302b787f88cf4f79a27adefae28956179ba77490a555a5b0b9e13aee8,120.0,6,2,1.0,0.5,0.0,18,1015,208,0,2.2,2048,0.0,1.0,4.87060546875,2.394514523502926,0.007161458333333336,0.37656716887767566,,True,7.713237524032593,0.24056887848910766,,,0.1376631259918213,run_quantum,,,routing,-2.523909054752926,2.1612332432727255e-32,-0.3934477492348185,0.11511259494540174,nearest_neighbor_antiferromagnetic,reversed,none,1.0,-0.12939453125,-0.007161458333333336,-0.016880580357142856,-0.005615234375,invalid_sector_dominated,56.388888888888886,sabre,single_session,forked_heavy_hex,0,False,reject_routing_deformed,runtime.reject.routing_deformed,,0.33251953125
frustrated_n6_j2_05_p2_seed314,generic_forked_heavy_hex,03920c0302b787f88cf4f79a27adefae28956179ba77490a555a5b0b9e13aee8,120.0,6,2,1.0,0.5,0.0,18,1109,373,0,2.2,2048,0.0,1.0,4.96875,2.492659054752926,0.03857421875,0.39023904387767566,,True,7.7490234375,0.24112629777668834,,,0.19700908660888672,run_quantum,,,routing,-2.523909054752926,2.1612332432727255e-32,-0.3934477492348185,0.11511259494540174,nearest_neighbor_antiferromagnetic,reversed,none,1.0,-0.03125,-0.03857421875,-0.0032087053571428544,-0.00439453125,invalid_sector_dominated,61.611111111111114,basic,single_session,forked_heavy_hex,1,False,reject_routing_deformed,runtime.reject.routing_deformed,,0.328125
frustrated_n6_j2_05_p2_seed314,generic_forked_heavy_hex,03920c0302b787f88cf4f79a27adefae28956179ba77490a555a5b0b9e13aee8,120.0,6,2,1.0,0.5,0.0,18,642,178,0,2.2,2048,0.0,1.0,4.9677734375,2.491682492252926,0.0341796875,0.3909365885205328,,True,8.215758323669434,0.2482818190530314,,,0.10876321792602539,run_quantum,,,routing,-2.523909054752926,2.1612332432727255e-32,-0.3934477492348185,0.11511259494540174,nearest_neighbor_antiferromagnetic,reversed,none,1.0,-0.0322265625,-0.0341796875,-0.002511160714285715,-0.00732421875,invalid_sector_dominated,35.666666666666664,sabre,single_session,forked_heavy_hex,1,False,reject_routing_deformed,runtime.reject.routing_deformed,,0.322265625
frustrated_n6_j2_05_p2_seed314,generic_forked_heavy_hex,03920c0302b787f88cf4f79a27adefae28956179ba77490a555a5b0b9e13aee8,120.0,6,2,1.0,0.5,0.0,18,867,341,0,2.2,2048,0.0,1.0,4.9921875,2.516096554752926,0.028483072916666664,0.39665645459196136,,True,7.40814208984375,0.23576305079010765,,,0.18474602699279785,run_quantum,,,routing,-2.523909054752926,2.1612332432727255e-32,-0.3934477492348185,0.11511259494540174,nearest_neighbor_antiferromagnetic,reversed,none,1.0,-0.0078125,-0.028483072916666664,0.0032087053571428596,-0.01513671875,invalid_sector_dominated,48.166666666666664,basic,single_session,forked_heavy_hex,2,False,reject_routing_deformed,runtime.reject.routing_deformed,,0.2939453125
frustrated_n6_j2_05_p2_seed314,generic_forked_heavy_hex,03920c0302b787f88cf4f79a27adefae28956179ba77490a555a5b0b9e13aee8,120.0,6,2,1.0,0.5,0.0,18,430,128,0,2.2,2048,0.0,1.0,4.88232421875,2.406233273502926,0.019368489583333336,0.3842401599491042,,True,7.346015691757202,0.23477238761663552,,,0.08820486068725586,run_quantum,,,routing,-2.523909054752926,2.1612332432727255e-32,-0.3934477492348185,0.11511259494540174,nearest_neighbor_antiferromagnetic,reversed,none,1.0,-0.11767578125,-0.019368489583333336,-0.009207589285714284,-0.026611328125,invalid_sector_dominated,23.88888888888889,sabre,single_session,forked_heavy_hex,2,False,reject_routing_deformed,runtime.reject.routing_deformed,,0.3388671875
frustrated_n6_j2_05_p2_seed314,generic_forked_heavy_hex,03920c0302b787f88cf4f79a27adefae28956179ba77490a555a5b0b9e13aee8,120.0,6,2,1.0,0.5,0.0,18,867,341,0,2.2,2048,0.0,1.0,4.9970703125,2.520979367252926,0.03466796875,0.38968100816338996,,True,8.368155479431152,0.2505739742702878,,,0.1826317310333252,run_quantum,,,routing,-2.523909054752926,2.1612332432727255e-32,-0.3934477492348185,0.11511259494540174,nearest_neighbor_antiferromagnetic,reversed,none,1.0,-0.0029296875,-0.03466796875,-0.00376674107142857,0.01171875,invalid_sector_dominated,48.166666666666664,basic,single_session,forked_heavy_hex,3,False,reject_routing_deformed,runtime.reject.routing_deformed,,0.2998046875
frustrated_n6_j2_05_p2_seed314,generic_forked_heavy_hex,03920c0302b787f88cf4f79a27adefae28956179ba77490a555a5b0b9e13aee8,120.0,6,2,1.0,0.5,0.0,18,445,132,0,2.2,2048,0.0,1.0,4.9033203125,2.427229367252926,0.013997395833333332,0.3803339099491042,,True,7.772879600524902,0.24149717856051323,,,0.08975887298583984,run_quantum,,,routing,-2.523909054752926,2.1612332432727255e-32,-0.3934477492348185,0.11511259494540174,nearest_neighbor_antiferromagnetic,reversed,none,1.0,-0.0966796875,-0.013997395833333332,-0.013113839285714284,-0.00244140625,invalid_sector_dominated,24.72222222222222,sabre,single_session,forked_heavy_hex,3,False,reject_routing_deformed,runtime.reject.routing_deformed,,0.33935546875
frustrated_n6_j2_05_p2_seed314,generic_forked_heavy_hex,03920c0302b787f88cf4f79a27adefae28956179ba77490a555a5b0b9e13aee8,120.0,6,2,1.0,0.5,0.0,18,1443,358,0,1.4,2048,0.0,1.0,4.96923828125,2.493147336002926,0.016438802083333332,0.38591426709196136,,True,8.054229497909546,0.2458289866990924,,,0.2233717441558838,run_quantum,,,routing,-2.523909054752926,2.1612332432727255e-32,-0.3934477492348185,0.11511259494540174,nearest_neighbor_antiferromagnetic,scattered,none,1.0,-0.03076171875,-0.016438802083333332,-0.007533482142857143,0.010986328125,invalid_sector_dominated,80.16666666666667,basic,single_session,forked_heavy_hex,0,False,reject_routing_deformed,runtime.reject.routing_deformed,,0.3134765625
frustrated_n6_j2_05_p2_seed314,generic_forked_heavy_hex,03920c0302b787f88cf4f79a27adefae28956179ba77490a555a5b0b9e13aee8,120.0,6,2,1.0,0.5,0.0,18,1139,220,0,1.4,2048,0.0,1.0,5.0302734375,2.554182492252926,0.019694010416666664,0.39609841887767566,,True,8.054747581481934,0.2458368929744001,,,0.15434503555297852,run_quantum,,,routing,-2.523909054752926,2.1612332432727255e-32,-0.3934477492348185,0.11511259494540174,nearest_neighbor_antiferromagnetic,scattered,none,1.0,0.0302734375,-0.019694010416666664,0.0026506696428571417,0.005859375,invalid_sector_dominated,63.27777777777778,sabre,single_session,forked_heavy_hex,0,False,reject_routing_deformed,runtime.reject.routing_deformed,,0.2998046875
frustrated_n6_j2_05_p2_seed314,generic_forked_heavy_hex,03920c0302b787f88cf4f79a27adefae28956179ba77490a555a5b0b9e13aee8,120.0,6,2,1.0,0.5,0.0,18,930,358,0,1.4,2048,0.0,1.0,5.00341796875,2.527327023502926,0.02669270833333333,0.39665645459196136,,True,7.741687536239624,0.24101213516200368,,,0.18961596488952637,run_quantum,,,routing,-2.523909054752926,2.1612332432727255e-32,-0.3934477492348185,0.11511259494540174,nearest_neighbor_antiferromagnetic,scattered,none,1.0,0.00341796875,-0.02669270833333333,0.003208705357142856,-0.009521484375,invalid_sector_dominated,51.666666666666664,basic,single_session,forked_heavy_hex,1,False,reject_routing_deformed,runtime.reject.routing_deformed,,0.3232421875
frustrated_n6_j2_05_p2_seed314,generic_forked_heavy_hex,03920c0302b787f88cf4f79a27adefae28956179ba77490a555a5b0b9e13aee8,120.0,6,2,1.0,0.5,0.0,18,587,190,0,1.4,2048,0.0,1.0,4.95068359375,2.474592648502926,0.012695312499999998,0.38828591887767566,,True,7.846688985824585,0.24264106885843767,,,0.11018610000610352,run_quantum,,,routing,-2.523909054752926,2.1612332432727255e-32,-0.3934477492348185,0.11511259494540174,nearest_neighbor_antiferromagnetic,scattered,none,1.0,-0.04931640625,-0.012695312499999998,-0.005161830357142854,-0.006591796875,invalid_sector_dominated,32.611111111111114,sabre,single_session,forked_heavy_hex,1,False,reject_routing_deformed,runtime.reject.routing_deformed,,0.33154296875
frustrated_n6_j2_05_p2_seed314,generic_forked_heavy_hex,03920c0302b787f88cf4f79a27adefae28956179ba77490a555a5b0b9e13aee8,120.0,6,2,1.0,0.5,0.0,18,801,330,0,1.4,2048,0.0,1.0,4.96728515625,2.491194211002926,0.031901041666666664,0.3891229724491042,,True,8.141996145248413,0.24716475239668984,,,0.1792161464691162,run_quantum,,,routing,-2.523909054752926,2.1612332432727255e-32,-0.3934477492348185,0.11511259494540174,nearest_neighbor_antiferromagnetic,scattered,none,1.0,-0.03271484375,-0.031901041666666664,-0.0043247767857142825,-0.001220703125,invalid_sector_dominated,44.5,basic,single_session,forked_heavy_hex,2,False,reject_routing_deformed,runtime.reject.routing_deformed,,0.328125
frustrated_n6_j2_05_p2_seed314,generic_forked_heavy_hex,03920c0302b787f88cf4f79a27adefae28956179ba77490a555a5b0b9e13aee8,120.0,6,2,1.0,0.5,0.0,18,465,156,0,1.4,2048,0.0,1.0,4.87890625,2.402815304752926,0.03466796875,0.37796225816338996,,True,7.4970550537109375,0.2371736519933757,,,0.0980679988861084,run_quantum,,,routing,-2.523909054752926,2.1612332432727255e-32,-0.3934477492348185,0.11511259494540174,nearest_neighbor_antiferromagnetic,scattered,none,1.0,-0.12109375,-0.03466796875,-0.01548549107142857,-0.00634765625,invalid_sector_dominated,25.833333333333332,sabre,single_session,forked_heavy_hex,2,False,reject_routing_deformed,runtime.reject.routing_deformed,,0.3408203125
frustrated_n6_j2_05_p2_seed314,generic_forked_heavy_hex,03920c0302b787f88cf4f79a27adefae28956179ba77490a555a5b0b9e13aee8,120.0,6,2,1.0,0.5,0.0,18,801,330,0,1.4,2048,0.0,1.0,5.0380859375,2.561994992252926,0.013346354166666668,0.39651694566338996,,True,7.983901023864746,0.24475336028272454,,,0.18146586418151855,run_quantum,,,routing,-2.523909054752926,2.1612332432727255e-32,-0.3934477492348185,0.11511259494540174,nearest_neighbor_antiferromagnetic,scattered,none,1.0,0.0380859375,-0.013346354166666668,0.0030691964285714263,0.00830078125,invalid_sector_dominated,44.5,basic,single_session,forked_heavy_hex,3,False,reject_routing_deformed,runtime.reject.routing_deformed,,0.3125
frustrated_n6_j2_05_p2_seed314,generic_forked_heavy_hex,03920c0302b787f88cf4f79a27adefae28956179ba77490a555a5b0b9e13aee8,120.0,6,2,1.0,0.5,0.0,18,465,156,0,1.4,2048,0.0,1.0,4.91259765625,2.436506711002926,0.031901041666666664,0.3832635974491042,,True,8.150075674057007,0.24728735621116776,,,0.09979009628295898,run_quantum,,,routing,-2.523909054752926,2.1612332432727255e-32,-0.3934477492348185,0.11511259494540174,nearest_neighbor_antiferromagnetic,scattered,none,1.0,-0.08740234375,-0.031901041666666664,-0.010184151785714286,-0.008056640625,invalid_sector_dominated,25.833333333333332,sabre,single_session,forked_heavy_hex,3,False,reject_routing_deformed,runtime.reject.routing_deformed,,0.34326171875
frustrated_n6_j2_05_p2_seed314,generic_forked_heavy_hex,03920c0302b787f88cf4f79a27adefae28956179ba77490a555a5b0b9e13aee8,0.0,6,2,1.0,0.5,0.0,18,587,190,0,1.4,2048,0.0,1.0,5.02490234375,2.548811398502926,0.013834635416666668,0.39707498137767566,,True,8.381704092025757,0.2507767403797265,,,0.11007928848266602,run_quantum,,,calibration_age,-2.523909054752926,2.1612332432727255e-32,-0.3934477492348185,0.11511259494540174,nearest_neighbor_antiferromagnetic,scattered,none,1.0,0.02490234375,-0.013834635416666668,0.003627232142857142,-0.000244140625,invalid_sector_dominated,32.611111111111114,sabre,single_session,forked_heavy_hex,1,False,reject_routing_deformed,runtime.reject.routing_deformed,,0.3291015625
frustrated_n6_j2_05_p2_seed314,generic_forked_heavy_hex,2b45698c117e70961f48d131e41680c8c3d661c9eef79c6d5e32c8f68b60549a,300.0,6,2,1.0,0.5,0.0,18,587,190,0,1.4,2048,0.0,1.0,5.0400390625,2.563948117252926,0.012858072916666671,0.3988885974491042,,True,8.503279685974121,0.25258893561243845,,,0.10766077041625977,run_quantum,,,calibration_age,-2.523909054752926,2.1612332432727255e-32,-0.3934477492348185,0.11511259494540174,nearest_neighbor_antiferromagnetic,scattered,none,1.1666666666666667,0.0400390625,-0.012858072916666671,0.005440848214285714,0.0009765625,invalid_sector_dominated,32.611111111111114,sabre,single_session,forked_heavy_hex,1,False,reject_routing_deformed,runtime.reject.routing_deformed,,0.31591796875
frustrated_n6_j2_05_p2_seed314,generic_forked_heavy_hex,6dca398a15ac5bd4b682e87d70fb5775854b30ab5f8eae421c8546ab8cac6ab6,900.0,6,2,1.0,0.5,0.0,18,587,190,0,1.4,2048,0.0,1.0,4.9833984375,2.507307492252926,0.051920572916666664,0.39470332959196136,,True,7.591521263122559,0.23866322083087382,,,0.10916304588317871,run_quantum,,,calibration_age,-2.523909054752926,2.1612332432727255e-32,-0.3934477492348185,0.11511259494540174,nearest_neighbor_antiferromagnetic,scattered,none,1.5,-0.0166015625,-0.051920572916666664,0.0012555803571428553,-0.0126953125,invalid_sector_dominated,32.611111111111114,sabre,single_session,forked_heavy_hex,1,False,reject_routing_deformed,runtime.reject.routing_deformed,,0.31005859375
frustrated_n6_j2_05_p2_seed314,generic_forked_heavy_hex,336882a3b91aeca02ed19b84955142aab857103afef710088d2166b226b34547,1800.0,6,2,1.0,0.5,0.0,18,587,190,0,1.4,2048,0.0,1.0,4.9814453125,2.505354367252926,0.03271484375,0.39079707959196136,,True,8.334616661071777,0.2500713310939584,,,0.10819196701049805,run_quantum,,,calibration_age,-2.523909054752926,2.1612332432727255e-32,-0.3934477492348185,0.11511259494540174,nearest_neighbor_antiferromagnetic,scattered,none,2.0,-0.0185546875,-0.03271484375,-0.0026506696428571434,0.0,invalid_sector_dominated,32.611111111111114,sabre,single_session,forked_heavy_hex,1,False,reject_routing_deformed,runtime.reject.routing_deformed,,0.30810546875
frustrated_n6_j2_05_p2_seed314,generic_forked_heavy_hex,420f90237841fc9964f463a94cd37e65a752e5577a0175fede004d79ce902890,3600.0,6,2,1.0,0.5,0.0,18,589,190,0,1.4,2048,0.0,1.0,5.05908203125,2.582991086002926,0.07063802083333333,0.40698011530624706,,True,8.179614782333374,0.24773508464425278,,,0.11183476448059082,run_quantum,,,calibration_age,-2.523909054752926,2.1612332432727255e-32,-0.3934477492348185,0.11511259494540174,nearest_neighbor_antiferromagnetic,scattered,none,3.0,0.05908203125,-0.07063802083333333,0.013532366071428572,-0.017822265625,invalid_sector_dominated,32.72222222222222,sabre,single_session,forked_heavy_hex,1,False,reject_calibration_stale,runtime.reject.calibration_stale,,0.30859375
frustrated_n6_j2_05_p2_seed314,generic_forked_heavy_hex,03920c0302b787f88cf4f79a27adefae28956179ba77490a555a5b0b9e13aee8,120.0,6,2,1.0,0.5,0.0,18,644,208,0,1.4,128,0.0,1.0,4.6953125,2.219221554752926,0.028645833333333332,0.37112632066338996,,True,7.30560302734375,0.936502879564509,,,0.11628389358520508,run_quantum,,0.17016866058964852,shot_body,-2.523909054752926,2.1612332432727255e-32,-0.3934477492348185,0.11511259494540174,nearest_neighbor_antiferromagnetic,scattered,none,1.0,-0.3046875,0.028645833333333332,-0.022321428571428572,-0.07421875,invalid_sector_dominated,35.77777777777778,sabre,single_session,forked_heavy_hex,1,False,reject_routing_deformed,runtime.reject.routing_deformed,,0.40625
frustrated_n6_j2_05_p2_seed314,generic_forked_heavy_hex,03920c0302b787f88cf4f79a27adefae28956179ba77490a555a5b0b9e13aee8,120.0,6,2,1.0,0.5,0.0,18,587,190,0,1.4,256,0.0,1.0,5.15625,2.680159054752926,0.0026041666666666644,0.4046084635205328,,True,9.4912109375,0.7547913198516776,,,0.10751008987426758,run_quantum,,0.11356053933365234,shot_body,-2.523909054752926,2.1612332432727255e-32,-0.3934477492348185,0.11511259494540174,nearest_neighbor_antiferromagnetic,scattered,none,1.0,0.15625,0.0026041666666666644,0.011160714285714286,0.0390625,invalid_sector_dominated,32.611111111111114,sabre,single_session,forked_heavy_hex,1,False,reject_routing_deformed,runtime.reject.routing_deformed,,0.3125
frustrated_n6_j2_05_p2_seed314,generic_forked_heavy_hex,03920c0302b787f88cf4f79a27adefae28956179ba77490a555a5b0b9e13aee8,120.0,6,2,1.0,0.5,0.0,18,587,190,0,1.4,512,0.0,1.0,4.84375,2.367659054752926,0.013020833333333332,0.3811709635205328,,True,6.9287109375,0.45601308864079626,,,0.10673403739929199,run_quantum,,0.08312410052967302,shot_body,-2.523909054752926,2.1612332432727255e-32,-0.3934477492348185,0.11511259494540174,nearest_neighbor_antiferromagnetic,scattered,none,1.0,-0.15625,-0.013020833333333332,-0.012276785714285716,-0.03515625,invalid_sector_dominated,32.611111111111114,sabre,single_session,forked_heavy_hex,1,False,reject_routing_deformed,runtime.reject.routing_deformed,,0.359375
frustrated_n6_j2_05_p2_seed314,generic_forked_heavy_hex,03920c0302b787f88cf4f79a27adefae28956179ba77490a555a5b0b9e13aee8,120.0,6,2,1.0,0.5,0.0,18,642,208,0,1.4,1024,0.0,1.0,4.7978515625,2.321760617252926,0.014322916666666668,0.3680571242348185,,True,7.100737571716309,0.3264283124754467,,,0.11735892295837402,run_quantum,,0.05777518867484977,shot_body,-2.523909054752926,2.1612332432727255e-32,-0.3934477492348185,0.11511259494540174,nearest_neighbor_antiferromagnetic,scattered,none,1.0,-0.2021484375,-0.014322916666666668,-0.025390625,-0.01220703125,invalid_sector_dominated,35.666666666666664,sabre,single_session,forked_heavy_hex,1,False,reject_routing_deformed,runtime.reject.routing_deformed,,0.333984375
frustrated_n6_j2_05_p2_seed314,generic_forked_heavy_hex,03920c0302b787f88cf4f79a27adefae28956179ba77490a555a5b0b9e13aee8,120.0,6,2,1.0,0.5,0.0,18,589,190,0,1.4,4096,0.0,1.0,4.959228515625,2.483137570377926,0.029947916666666664,0.3875186197705328,,True,7.875046670436859,0.17188289552646238,,,0.11042618751525879,run_quantum,,0.028329185246911377,shot_body,-2.523909054752926,2.1612332432727255e-32,-0.3934477492348185,0.11511259494540174,nearest_neighbor_antiferromagnetic,scattered,none,1.0,-0.040771484375,-0.029947916666666664,-0.005929129464285713,0.0003662109375,invalid_sector_dominated,32.72222222222222,sabre,single_session,forked_heavy_hex,1,False,reject_routing_deformed,runtime.reject.routing_deformed,,0.31005859375
frustrated_n6_j2_05_p2_seed314,generic_forked_heavy_hex,03920c0302b787f88cf4f79a27adefae28956179ba77490a555a5b0b9e13aee8,120.0,6,2,1.0,0.5,0.0,18,640,208,0,1.4,8192,0.0,1.0,4.9603271484375,2.484236203190426,0.021647135416666668,0.38964613093124706,,True,7.9145637601614,0.12184412297374153,,,0.12559199333190918,run_quantum,,0.020224672130448675,shot_body,-2.523909054752926,2.1612332432727255e-32,-0.3934477492348185,0.11511259494540174,nearest_neighbor_antiferromagnetic,scattered,none,1.0,-0.0396728515625,-0.021647135416666668,-0.003801618303571429,-0.00653076171875,invalid_sector_dominated,35.55555555555556,sabre,single_session,forked_heavy_hex,1,False,reject_routing_deformed,runtime.reject.routing_deformed,,0.3212890625
frustrated_n6_j2_05_p2_seed314,generic_forked_heavy_hex,03920c0302b787f88cf4f79a27adefae28956179ba77490a555a5b0b9e13aee8,1020.0,6,2,1.0,0.5,0.0,18,587,190,0,1.4,4096,900.0,900.0,4.988525390625,2.512434445377926,0.024658203125000003,0.39135511530624706,,True,8.355092942714691,0.17704421303138682,,,0.4269285202026367,run_quantum,,,session_body,-2.523909054752926,2.1612332432727255e-32,-0.3934477492348185,0.11511259494540174,nearest_neighbor_antiferromagnetic,scattered,none,1.0,-0.011474609375,-0.024658203125000003,-0.0020926339285714333,0.0015869140625,invalid_sector_dominated,32.611111111111114,sabre,single_session,forked_heavy_hex,1,False,reject_routing_deformed,runtime.reject.routing_deformed,,0.3251953125
frustrated_n6_j2_05_p2_seed314,generic_forked_heavy_hex,77aefd415b34063c2d877f07385bd4fd295be5cbc576cd7ddfd2c03bffbb93fb,1020.0,6,2,1.0,0.5,0.0,18,589,190,0,1.4,4096,900.0,900.0,5.006591796875,2.530500851627926,0.0322265625,0.39309897691338996,,True,8.103228032588959,0.17435528789230775,,,0.43027496337890625,run_quantum,,,session_body,-2.523909054752926,2.1612332432727255e-32,-0.3934477492348185,0.11511259494540174,nearest_neighbor_antiferromagnetic,scattered,none,1.3,0.006591796875,-0.0322265625,-0.0003487723214285728,0.0045166015625,invalid_sector_dominated,32.72222222222222,sabre,split_session,forked_heavy_hex,1,False,reject_routing_deformed,runtime.reject.routing_deformed,,0.316650390625
frustrated_n6_j2_05_p2_seed314,generic_forked_heavy_hex,fd9aab4399fad1f09554f62339e4828bbf13c424bb5d9fde846badff48472201,1020.0,6,2,1.0,0.5,0.0,18,587,190,0,1.4,4096,900.0,900.0,5.04052734375,2.564436398502926,0.03352864583333333,0.3948428385205328,,True,8.37091612815857,0.17721178018699796,,,0.4349040985107422,run_quantum,,,session_body,-2.523909054752926,2.1612332432727255e-32,-0.3934477492348185,0.11511259494540174,nearest_neighbor_antiferromagnetic,scattered,none,1.3,0.04052734375,-0.03352864583333333,0.0013950892857142862,0.015380859375,invalid_sector_dominated,32.611111111111114,sabre,randomized_order,forked_heavy_hex,1,False,reject_routing_deformed,runtime.reject.routing_deformed,,0.300048828125
frustrated_n6_j2_05_p2_seed314,generic_forked_heavy_hex,77aefd415b34063c2d877f07385bd4fd295be5cbc576cd7ddfd2c03bffbb93fb,1020.0,6,2,1.0,0.5,0.0,18,589,190,0,1.4,4096,900.0,900.0,5.03173828125,2.555647336002926,0.028727213541666664,0.3964471911991042,,True,8.220672369003296,0.17561425393270025,,,0.42859458923339844,run_quantum,,,session_body,-2.523909054752926,2.1612332432727255e-32,-0.3934477492348185,0.11511259494540174,nearest_neighbor_antiferromagnetic,scattered,none,1.3,0.03173828125,-0.028727213541666664,0.0029994419642857127,0.00537109375,invalid_sector_dominated,32.72222222222222,sabre,grouped_by_observable,forked_heavy_hex,1,False,reject_routing_deformed,runtime.reject.routing_deformed,,0.30615234375
frustrated_n6_j2_05_p2_seed314,generic_forked_heavy_hex,6dca398a15ac5bd4b682e87d70fb5775854b30ab5f8eae421c8546ab8cac6ab6,600.0,6,2,1.0,0.5,0.0,18,587,190,0,1.4,4096,0.0,1.0,4.94580078125,2.469709836002926,0.037109375,0.3870303385205328,,True,8.04296088218689,0.17370570063926877,,,0.11002874374389648,run_quantum,,,mitigation_body,-2.523909054752926,2.1612332432727255e-32,-0.3934477492348185,0.11511259494540174,nearest_neighbor_antiferromagnetic,scattered,none,1.5,-0.05419921875,-0.037109375,-0.006417410714285712,-0.004638671875,invalid_sector_dominated,32.611111111111114,sabre,single_session,forked_heavy_hex,1,False,reject_routing_deformed,runtime.reject.routing_deformed,,0.316162109375
frustrated_n6_j2_05_p2_seed314,generic_forked_heavy_hex,6dca398a15ac5bd4b682e87d70fb5775854b30ab5f8eae421c8546ab8cac6ab6,600.0,6,2,1.0,0.5,0.0,18,587,190,0,1.4,4096,0.0,1.0,5.046263377447374,2.5701724322003003,0.0028015569592198726,0.3992352856625007,,True,7.9913040083376226,0.17314697930884934,-0.004517872552625521,0.0007867981482005534,0.11690497398376465,run_quantum,,,mitigation_body,-2.523909054752926,2.1612332432727255e-32,-0.3934477492348185,0.11511259494540174,nearest_neighbor_antiferromagnetic,scattered,readout,1.5,0.04626337744737448,-0.0028015569592198726,0.005787536427682222,0.0028753112267994466,invalid_sector_dominated,32.611111111111114,sabre,single_session,forked_heavy_hex,1,False,reject_routing_deformed,runtime.reject.routing_deformed,,0.2965636574099047
frustrated_n6_j2_05_p2_seed314,generic_forked_heavy_hex,6dca398a15ac5bd4b682e87d70fb5775854b30ab5f8eae421c8546ab8cac6ab6,600.0,6,2,1.0,0.5,0.0,18,589,190,0,1.4,12288,0.0,3.0,4.9248046875,2.448713742252926,0.024495442708333336,0.3940057849491042,,True,7.92303079366684,0.09953851049027164,-0.020996093749999986,0.034912109374999986,0.3330051898956299,run_quantum,,,mitigation_body,-2.523909054752926,2.1612332432727255e-32,-0.3934477492348185,0.11511259494540174,nearest_neighbor_antiferromagnetic,scattered,zne_linear,1.5,-0.07519531249999999,-0.024495442708333336,0.000558035714285717,-0.039550781249999986,invalid_sector_dominated,32.72222222222222,sabre,single_session,forked_heavy_hex,1,False,reject_routing_deformed,runtime.reject.routing_deformed,,0.315185546875
